RT @armitageblogger: #RichardArmitage is Claude Becker in #Oceans8 Box Office Mojo Worldwide Total as of Jun 22 = $129 Million ğŸ˜ƒğŸ™ŒğŸ¼ That's 5â€¦,140
"RT @btsanalytics: Teen Choice Awards Twitter voting tally, D1 + D2  â†’ Web: (https://t.co/6Ivj5pWKqc) â†’ @BTS_twt rank #1 in both categoriesâ€¦",139
RT @_JustinTheKid: - Oscar ? Viens ici  - Je sâ€™appelle Groot. https://t.co/Z9VsmAxzkQ,85
Lilith Shayton feels his anger  https://t.co/APZHOMMwRA   blackbrosteen Peperoity com indian hardcore andhra sex passing out deepthroat movies spanking ru free video girl passes out deep throating for to long bdsm puppy girl watch free menstruati,246
RT @DirectorDada: #GoldAwards2018 #Goldawards Zee Gold Awards 2018 : list of all winners  https://t.co/8fqLG7mFxF,113
"As I was afraid of after watching the first Fallen Kingdom trailer, the movieâ€™s soundtrack turned out to be unnecessarily loud and noisy. Even for horror flick.",160
"RT @BTSPublicity: Teen Choice Awards 2018 MetricğŸ“Š@BTS_twt's  â€” \"ChoiceInternationalArtist\"  (per hour)  1. #TeenChoice #ChoiceInternationalâ€¦",140
Emo boy face hide penis movie gay Jeremy Sanders has magic palms -  https://t.co/XMwqfvTisR   twinkstubes www greek gaysex porn com gaypornet gay sex film ngentot stop stopping after cumming creampie cumshot  anal gay bareback utubeporn free gay,245
"Parar de sair fazendo filme sem uma idÃ©ia central, pq vai se tornar uma bagunÃ§a como os X-Men, nÃ£o Ã© um problema fazer filme isolado, sÃ³ nÃ£o colocar eles em uma bagunÃ§a q vcs chamam de universo https://t.co/65Wt0MvqEr",217
RT @DK_Benjamin: @PGQue @BarrettSallee @Sethrogen Haha and weâ€™re having a debate in this thread about why a political party that constantlyâ€¦,140
"RT @kordeiskid: I would cry too if after years of writing songs that are then taken away from me, handed to bigger artists (with my vocalsâ€¦",139
RT @ThalaAjith_FC: It's a New Record in YouTube ğŸ†  1. Ajith's #Vivegam Movie 25Million in 6Days With 192K Likes   2. AlluArjun's #Sarrainodâ€¦,140
"2012 Anchorage CANstruction  RSA Engineering, Inc. - Drive-in Movie Theatre #anccanstruction2012 #canstruction  #canstruction2012 #nightatthemovies @ UAA - University Center https://t.co/VIwRV5HJUA",197
RT @BangBangtan_Esp: [VIDEO] @BTS_twt agradece a sus fans por los premios recibidos en los Radio Disney Music Awards.   ~ Son unos bebitosâ€¦,139
RT @UnknownKongYT: i just remembered this chinese bootleg dvd of the simpsons movie with the greatest dvd menu of all time and i can't stopâ€¦,140
"RT @WaltDisneyWorld: In just a few more days, play time will never be the same. Florida Residents, get ready to play big when Toy Story Lanâ€¦",140
"RT @btsanalytics: Teen Choice Awards Twitter voting tally, D1 + D2  â†’ Web: (https://t.co/6Ivj5pWKqc) â†’ @BTS_twt rank #1 in both categoriesâ€¦",139
RT @theblackpanther: Marvel Studiosâ€™ #BlackPanther is honored to have SEVEN nominations in FOUR categories at this yearâ€™s @BET Awards. Andâ€¦,139
RT @BLINK_GUIDE: Here's a tutorial on how to vote for #BLACKPINK on the #TeenChoice Awards 2018!  #ChoiceNextBigThing @ygofficialblink httpâ€¦,140
Guys!! Don't forget to vote for Got7 for Teen Choice Awards!!   My #TeenChoice for #ChoiceInternationalArtist is @GOT7Official #GOT7â  â â  â â  â â  â â  â ,147
RT @TrollBeep: Everyone vote for #TSK and share maxğŸ˜ https://t.co/cVUlqvdAPL,76
@RoomanaKhan @DABANGG_NIINJA @h_hazra @BeingSalmanKhan Kiya hai Z grade movies mein jaisi uski aaukat hai ğŸ˜‚ğŸ˜‚,108
Breasty chick goes wild during hawt sex  https://t.co/MXWDG6zONB   andipink hardcore video camilla jane blowjob pussysexporn big tits anal brunette movie middle age big natural tits porno film hardcore fucking punjabi horny milf fucked with amate,246
RT @meijer_bente: PLEASE FF VOTE #CateBlanchett and #SandraBullock and @oceans8movie https://t.co/aC6pHQyMGL,108
@iAn1sha @priyankachopra @nickjonas Yess ğŸ˜‚ ğŸ™Œ hollywood zindabad,63
RT @IRONLOKl: top mcu movies ranked   10 - all 9 - mcu movies 8 - are 7 - equally 6 - amazing 5 - in 4 - their 3 - own  2 - way 1- Thor: Raâ€¦,140
RT @AmirRozali: Not to be dramatic but a good sad movie can really tear your heart to pieces and turn you moody for the whole day,129
RT @ines_pereira453: Ver os incredibles 2 https://t.co/y5ymLx5r9b,65
RT @UnknownKongYT: i just remembered this chinese bootleg dvd of the simpsons movie with the greatest dvd menu of all time and i can't stopâ€¦,140
RT @soompi: #BTS Takes Home 3 Awards + #ARMY Wins Fandom Award At 2018 #RDMA https://t.co/I9jDo7WY3d https://t.co/QoXOhDVFNZ,124
"RT @btsanalytics: Teen Choice Awards Twitter voting tally, D1 + D2  â†’ Web: (https://t.co/6Ivj5pWKqc) â†’ @BTS_twt rank #1 in both categoriesâ€¦",139
ãƒ¤ãƒã‹ã£ãŸğŸ˜‚ğŸ‘ŒğŸ¼ https://t.co/tfHJ1RFhX2,32
RT @jav_clip: Deflorating  Watch Full Movies ==&gt; https://t.co/19XhNFk1QP https://t.co/Q5jntqZ3CY,99
RT @sbnconnects: The  Official Launch of the biggest Tertiary Awards; Inter Tertiary Excellence Awards 2018 is coming soon.  Anticipate!! #â€¦,140
"RT @AfricaFactsZone: Hollywood Actor, Winston Duke (Mbaku in Black Panther) wore a 2018 Nigerian #WorldCup tracksuit to the 2018 MTV Movieâ€¦",139
@shairamlt Sa Cinema one hahhahhhaha,36
@MiraSorvino I donâ€™t remember seeing you protest at border under Obama. He separated more children than Trump. Disgusting Snowflake no talent fantasy movie bitch. We will make sure you take 5 illegals so you can support them.,225
RT @BTS_Fambases: Congratulations  @BTS_twt &amp; ARMY ğŸ‰ for winning in every nominated category on the Radio Disney Music Awards 2018 #RDMAğŸ‘ @â€¦,144
Babe and her gorgous barefeet 21  https://t.co/hQC6TVGVsP   hardcore illegal teenie porn babee devar sex diddylicious teen hottie in shower video young oldhardsex tube daringtv porno arby bodybuilder big cock porn movies hard sex videos sons frie,246
Photos of IIFA Awards Green Carpet 2018,39
RT @PETTYMAMII: bet awards comes on tonight and blac twitter finna have me dead once again,90
RT @TSUpdatesNY: RT to vote @taylorswift13â€™s â€œDelicateâ€ for #ChoicePopSong at the 2018 #TeenChoice awards! https://t.co/J4ZeOVLQxY,130
"RT @BTSPublicity: Teen Choice Awards 2018 MetricğŸ“Š@BTS_twt's  â€” \"ChoiceInternationalArtist\"  (per hour)  1. #TeenChoice #ChoiceInternationalâ€¦",140
"RT @btsanalytics: Teen Choice Awards Twitter voting tally, D1 + D2  â†’ Web: (https://t.co/6Ivj5pWKqc) â†’ @BTS_twt rank #1 in both categoriesâ€¦",139
"RT @BTSPublicity: Kidsâ€™ Choice Awards Mexico 2018 MetricğŸ“Š@BTS_twt's  â€” \"Best Fandom\"  (per hour)  1.#KCAMexico #ARMY : 15KğŸ”¥  2. El: 4,3K 3.â€¦",140
"RT @btsanalytics: Teen Choice Awards Twitter voting tally, D1 + D2  â†’ Web: (https://t.co/6Ivj5pWKqc) â†’ @BTS_twt rank #1 in both categoriesâ€¦",139
".@Andy â€œReal Housewives of â€˜90s Hollywoodâ€: Sarah Michelle Gellar, Rebecca Gayheart, Soleil Moon Frye, Tara Reid, Melissa Joan Hart, Iâ€™ll keep thinking, thanks, youâ€™re welcome, Iâ€™ll take 10 percent, HAPPY PRIDE ğŸ˜˜ğŸ³ï¸â€ğŸŒˆ",216
Vai danÃ§ar com quem no arraiÃ¡ do Oscar? â€” luara n sei o sobrenome dela https://t.co/OeQg8D4uM1,94
RT @choi_bts2: ARMY already won two awards in this year iHeartRadio and RDMA. Double crown ğŸ‘¸ğŸ»ğŸ‘¸ğŸ¼I mean ARMY starts to break our own record.â€¦,139
RT @jav_clip: Fuck girl cute in Swimming Pool  Watch full movie ==&gt;  https://t.co/Pqa1Z1WejC https://t.co/yX4DU6mMP9,119
RT @Shanice2626: #NOISundays @brotherdemetric https://t.co/6SduyNb1b6,69
@RealJamesWoods Awesome movie!!,31
Na imma chill in and watch the BET awards,41
West Australian Ballet's Oscar Valdes as James from the ballet 'La Sylphide' - Photo by Emma Fishwick. https://t.co/NtfqXztY5I,126
"RT @MySelfAndHeize: ğŸ“¢ARMY!  BTS estÃ¡ nominado en 6 categorÃ­as, se tarda en votar segundos!!!  LINKS ğŸ“  1-https://t.co/QoTDN8eGa4  2.-https:â€¦",140
"RT @btsanalytics: Teen Choice Awards Twitter voting tally, D1 + D2  â†’ Web: (https://t.co/6Ivj5pWKqc) â†’ @BTS_twt rank #1 in both categoriesâ€¦",139
"RT @btsanalytics: Teen Choice Awards Twitter voting tally, D1 + D2  â†’ Web: (https://t.co/6Ivj5pWKqc) â†’ @BTS_twt rank #1 in both categoriesâ€¦",139
"RT @ItsTheRealBizZ: If He pay RENT, you paying utilities If He wash dishes, you cooking If He pay for movies, you buying snacks If He giveâ€¦",139
Fdge You @MidnightSun_Mov . JUST FINISHED YOUR MOVIE AND RUMORS ARE TRUE. ITS SO NICE. MUST WATCH,97
"RT @ChiggityChives: The Devil works hard, but Tom Holland works harder. https://t.co/otv594l9bT",95
ã‚ãŒæ„›ã—ãå¥³è‰¯é”ã‚ˆFile.70ã€ã®ããæœ¬èˆ—ä¸­æ‘å±‹ã€‘ #ã‚¢ãƒ€ãƒ«ãƒˆå‹•ç”» #AV https://t.co/ZAliO99vqQ,62
@KatrinaKaifFB Aaj kal sirf social media par hi nazar aati he.. Movie mil ni raha kya,85
@itsUpendar Rs emotional content...emotion connect aite daani reach veru...That's the difference rendu movies ki,112
https://t.co/ibXjZ7d6NX My #TeenChoice for #ChoiceInternationalArtist is @BTS_twt,81
RT @softemiIia: can they please be in a movie together like where they fall for the same girl and have been besties for life or something hâ€¦,140
"RT @CYPHERPARTFlVE: anyways radio disney is the real mvp. they nominated bts based on their sales and streams, then actually gave them theâ€¦",139
RT @verge: The Shadows That Run Alongside Our Car feels like playing your own low-budget horror movie https://t.co/w1x71OLyae https://t.co/â€¦,140
"RT @RealBasedBlonde: Hollywood Studio Architect Jeffrey Cooper Arrested On 8 Counts Of Molesting 2 Girls *Under 10 Yrs Old* Cooper, 66, hasâ€¦",140
"Other than Anita, is there a reason to watch the BET Awards tonight?",68
RT @DirectorDada: #GoldAwards2018 #Goldawards Zee Gold Awards 2018 : list of all winners  https://t.co/8fqLG7mFxF,113
RT @dniamrssya: pergi cinema nak tengok jurassic world tapi screen rosak THEN ORANG DEPAN BUKA FLASHLIGHT AND DID THIS HHAHAHA https://t.coâ€¦,140
we love this adorable cast of adventures in babysitting thank u for a movie we always remember can't believe its been two years oh my GOD https://t.co/WGgoB40Bnt,161
RT @AbdulsameerD: Check out #KatrinaKaif at the top of the world in #DabanggTourğŸ”¥ğŸ”¥  #Bollywood #BollywoodNews #BollywoodUpdates #Koimoi httâ€¦,140
@berryverrine I still need to see that movie,44
"@TragicSandwich @RevAGSL @StephTheBlogger Close to Up ğŸˆ Great movie saw it at the movies and everyone walking out was crying except the kids, I think they were too young to get the depth of it.",193
"RT @btsanalytics: Teen Choice Awards Twitter voting tally, D1 + D2  â†’ Web: (https://t.co/6Ivj5pWKqc) â†’ @BTS_twt rank #1 in both categoriesâ€¦",139
"RT @adamzainaal: Heres to Yasmin Ahmadâ€™s last movie, Talentime before her passing. One of the most natural yet funny scene ever.   â€œBoleh tâ€¦",140
@mark1246 I don't recall them ever doing a crossover outside of the movies before. Sounds like they wanted to do a little something more for the 15th anniversary but it sure was left field lol,192
"RT @frhnaakmal: Hidup dkat U, aku nasihatkn jangan: 1. Ikut sgt kwn yg suka pergi jalan kluar sedgkan ad assignment belambak 2. Hbskan duitâ€¦",140
RT @FindOurPup: I just supported â—Oscar STOLEN by Male in E3â— on @ThunderclapIt // @LostDogAlertUK https://t.co/zkgLvD1xop,122
"@prattprattpratt After the sadness of seeing Peru eliminated from the World Cup, nothing pleases us more than going to the cinema and seeing @Jurassic World ğŸ˜",158
"Cinema hoje, nem queria",23
RT @zaynisbae15: guys we are in the lead right now!! zquad you guys are doing amazing. But if we want to lead like this please vote more anâ€¦,140
RT @TSUpdatesNY: RT to vote @taylorswift13â€™s #reputationstadiumtour for #ChoiceSummerTour at the 2018 #TeenChoice awards! https://t.co/pUhkâ€¦,140
"RT @MCU_Tweets: Here's the logo for the movie, as shown by @TomHolland1996 on his newest Instagram post: https://t.co/Z40NHpeta5",128
RT @KatherineOdell3: the anthem to every 2000s teen movie https://t.co/USylLAfFfE,81
If AMC runs movie pass out of business I will personally make it my mission to destroy them.   There are no AMCs in Portland.,125
afterhoursdani: Acting super uninterested when a gay scene come on the movie you watching with the family. https://t.co/yZrdVsFnYU,130
RT @dlcharts: Grammy Awards 2019:  Record Of The Year goes to... Sober by @ddlovato https://t.co/glELPaT06e,107
RT @artispcy: ğŸ’«GIVEAWAY ALERTğŸ’« â€”Teen Choice Awards 2018 for @weareoneEXO #EXO  ğŸŒ¬ 2 Winners - 1 Theme &amp; 1 Sticker [50c] &lt;Line App&gt;  Rules ;â€¦,149
"@DrMCaligari It's... it's Kanethe with an a. Because it's Kane the knight. I know reading isn't your strong suit because you can't read articles and you enjoy Johnny Depp movies, but you can at least *try* being right about something.",234
RT @dayumexo: whenever â€œwhat u doâ€ comes on i feel like iâ€™m in some movie and running around cali wearing highwaisted shorts and standing uâ€¦,140
RT @dvdinfatuation: Been saving my movie tickets since late 2001.  Among the movies on this page are:   LOTR:Fellowship of the Rings The Roâ€¦,140
You know NOTHING yet #JonSnow :-). Welcome to the club.  https://t.co/Jh9bHkTv6E,80
RT @guwoljk: right out of a movie https://t.co/ZbuWMbO96M,57
RT @lexabadu: Half of black twitter didnâ€™t even know   the BET awards was coming on today ğŸ˜­ https://t.co/piV9GC0gdN,115
"@yesnicksearcy nick you had bit parts in a few movies and Tv shows and you always played the evil asshole way too convincingly, sit down",136
"kayo nanonood ng movies para maiyak, ako nanonod ng commercial ng Jollibee",74
RT @bleach_moviejp: ï¼ ğŸ”¥æ­»ç¥ã¨ã—ã¦ã‚¢ãƒ„ãç”Ÿãã‚ğŸ”¥ ï¼¼  âš”é«˜æ ¡ç”Ÿ å…¼ æ­»ç¥ä»£è¡Œ ğŸ†š æ‚ªéœŠãƒ»è™šï¼œãƒ›ãƒ­ã‚¦ï¼â˜  ãã—ã¦ç¾ã‚Œã‚‹æ›´ãªã‚‹æ•µâ€¦å£®çµ¶ãƒãƒˆãƒ«ãŒå§‹ã¾ã‚‹ğŸ’¥ é»’å´ä¸€è­·ã‚’ãã‚ãˆã¦ã€æ­»ç¥ã«ãªã‚Œâ—  â˜‘æœ¬æ—¥ã®ğŸã¯æœ€å¾Œã®å‹•ç”»ã§ç™ºè¡¨ â˜‘ãƒ•ã‚©ãƒ­ãƒ¼&amp;RTã§ä»Šã‚¹ã‚°æŒ‘æˆ¦ è©³ç´°ğŸ‘‰htâ€¦,144
RT @vcaantu: FINALLY A MOVIE ABOUT THE DARK WEB FUCK YES https://t.co/R0pVklAgTL,80
RT @richapintoTOI: Another #tree crash death in the #mumbai. One person has died and four others have been injured after a tree crashed oveâ€¦,140
RT @soompi: #BTS Takes Home 3 Awards + #ARMY Wins Fandom Award At 2018 #RDMA https://t.co/I9jDo7WY3d https://t.co/QoXOhDVFNZ,124
"RT @WeirdNPissdOff: No. That was whiney, silver age, Superman fanboys that try and hold Superman back for nostalgic reasons. https://t.co/Tâ€¦",140
"Whoa, cool! I wish I was actually this svelte haha https://t.co/lQnY7ahHgT",74
"RT @morningpassages: Iâ€™m so proud thinking how EXO went beyond sales, charts, awards and unlocked different achievements like Dubai Fountaiâ€¦",140
RT @WooLongTalks: Here's your weekly reminder that you can find our dope podcast on @ApplePodcasts right here!; https://t.co/puQvHbQRr9 weâ€¦,139
"@KimKardashian I so love your game Kim, I play it all the time kk Hollywood â¤ï¸â¤ï¸â¤ï¸â¤ï¸ @KimKardashian @KimKardashian",114
samyang night = movie night,27
RT @shedoesthecity: GET INNIT TO WIN IT  RT: â€œYes @shedoesthecity! I wanna chill out at the @TIFF_NET summer series!â€  https://t.co/HuiWRByâ€¦,140
RT @charles_gaba: Good. If these fuckers are gonna make everyone elseâ€™s lives hell the least we can do is make theirs mildly unpleasant. htâ€¦,140
ğŸ—£ SOMEBODY GET HER IN A MARVEL MOVIE NOW!!!!! https://t.co/dFG7H0kbpH,69
RT @MovieWeekender: Want to own 20 of the UKâ€™s favourite feel-good movies? RT + follow for the chance to #WIN - we have 5 sets to give awayâ€¦,140
"RT @_victoriabg: i do! spring water good but i like it from the pipes too, not a big deal to me. Jamaica (nwc) has received numerous awardsâ€¦",140
@TassneamOsman if u saw the movies u would know the dinosaurs are trans,71
RT @StarCinema: EXCLUSIVE! Kiligan na with DonKiss! â¤ | Star Cinema Chat WATCH HERE: https://t.co/Y0wJnrtrg8,108
RT @DailyMailCeleb: Tara Reid playing NYPD captain in movie directed by beefcake ex-Kanye West bodyguard Steve Stanulis https://t.co/svPoHiâ€¦,140
RT @MaximMag: Grab the popcorn and check out these all-time classic scenes. https://t.co/6ZnE2N9aS9,99
RT @ShivaPrince97: Years Change Ayyaaei Generations Change Ayyaaei Movies Quality Perigindhi New Contents Vasthunnai BO Counts Increase Avtâ€¦,140
"RT @ChiggityChives: The Devil works hard, but Tom Holland works harder. https://t.co/otv594l9bT",95
RT @cracknee: minho: someone recommend me a good horror movie  kibum: The Reflection  minho: where can i find it   kibum: the mirror,132
"RT @WarpsiwaJAV: DANDY-592 Kitagawa Eria, Uehara Shiori, Ichijou Rion, Saeki Erika ğŸ” #à¸§à¸²à¸£à¹Œà¸›à¸ªà¸´à¸§à¸° #JAV ğŸ¬ Full Movie https://t.co/k6Y4SbbAwj hâ€¦",140
RT @ines_pereira453: Ver os incredibles 2 https://t.co/y5ymLx5r9b,65
RT @NiallOfficialPH: I just voted for @NiallOfficial for #ChoiceSummerMaleArtist at the #TeenChoice 2018 awards! Vote for your faves at httâ€¦,140
RT @dniamrssya: pergi cinema nak tengok jurassic world tapi screen rosak THEN ORANG DEPAN BUKA FLASHLIGHT AND DID THIS HHAHAHA https://t.coâ€¦,140
#ChoiceFandom #BTSArmy #TeenChoi @BTS_twt  @TeenChoiceFOX https://t.co/rNS6FiDw3Z,81
"RT @blinkminding: Just now I went back to the Internet and saw this funny video, what kind of person, may be so amused, oscar him ğŸ˜‚ğŸ˜‚ğŸ˜‚ #Ã‡aÄŸlâ€¦",140
RT @Trump454545: @Socrates921 @partylike1399 @EllenHanon @GartrellLinda @DonnaWR8 @kwilli1046 @RNRKentucky I don't see conservatives attackâ€¦,140
@kumaraswamy_ks7 @KeerthyOfficial @JillaMassVijay @Sumathy_keerthy @Guna09Keerthy17 @Manjula66362174 @yaathisisnini @mageshyuvaraj @WLKeerthyS @shivani_keerthy @Sathish_Keerthy Which movie,188
RT @Tti1126: ä¸–ç•Œä¸€ãƒãƒ³ã‚µãƒ ã¯æŠ•ç¥¨ãªã„ã‚ˆ ã¿ã‚“ãªé ‘å¼µã£ã¦ã‚‹ã‚ˆã­ å¤§äº‹ãªæŠ•ç¥¨ã¯ã‚½ãƒªãƒãƒ€ã§ã™ ãã®æƒ…ç†±ã‚’ã“ã¡ã‚‰ã«æ³¨ã„ã§ã‚‚ã‚‰ãˆã¾ã›ã‚“ã‹ï¼Ÿ BTSã¯ä»Š3ä½ã¨ã‹4ä½ æ—¥ã«æ—¥ã«å·®ãŒé–‹ã„ã¦ã‚‹ ã‚µã‚¤ãƒˆã‚ã£ã¡ã‚ƒé‡ã„ã‘ã© ã“ã®é€šã‚Šã‚„ã£ãŸã‚‰ç™»éŒ²ã§ããŸã‚ˆ æ¬¡ã®æ—¥ã‹ã‚‰ã¯ã™ã„ã™ã„ã„ã‘ã‚‹  #Kâ€¦,140
RT @Mrs_NunaGaspar: @ArmyBrigade13 @BTS__Europe @BTS_twt @BTS_Fambases @BTSGlobalNoona @armyvotingteam @BTSx50States @bangtan_india @BTSEurâ€¦,140
Not to sound like a sourpuss but I hate comedy movies,53
"RT @BTSMexicoAL: Nos enteramos que ganamos 3 #RDMAs este aÃ±o, OMG. 1ro 'MIC Drop' como Best Dance Track, nos eligieron como Mejor Grupo y Aâ€¦",140
RT @SeamusBellamy: SPOILER:  Spiderman: The Boys Are Back in Town https://t.co/mezUgZEpEX,89
"RT @BTSPublicity: Teen Choice Awards 2018 MetricğŸ“Š@BTS_twt's  â€” \"ChoiceInternationalArtist\"  (per hour)  1. #TeenChoice #ChoiceInternationalâ€¦",140
RT @nhstreamteam: Vote for @Normani and @thegreatkhalid - Love Lies for #ChoiceRBHipHopSong at the #TeenChoice Awards!,118
"RT @btsanalytics: Teen Choice Awards Twitter voting tally, D1 + D2  â†’ Web: (https://t.co/6Ivj5pWKqc) â†’ @BTS_twt rank #1 in both categoriesâ€¦",139
@actor_jayamravi tik tik tik super movie bro waiting for ur next film,69
RT @armynation_tm: [VOTEâœ…]  @BTS_twt ARMY vote for Teen Choice Awards - Choice Fandom Category.  ğŸ‘‰ Comment/Tweet and Retweet with the votinâ€¦,140
"RT @thehill: Florida AG driven out of screening of Mr. Roger's movie by protesters chanting \"shame on you\" https://t.co/3USZbKw7ay https://â€¦",140
RT @TFsource: On this day in Transformers movie history: Transformers - Revenge of the Fallen was released in 2009. https://t.co/CpQ5iJ509P,139
RT @camilizerlatam: Camz ganÃ³ dos Radios Disney Music Awards: The Bestest (canciÃ³n del aÃ±o por Havana) y The Buzz (breakout artist of the yâ€¦,140
RT @JoshSabarra: Think pink on #NationalPinkDay! https://t.co/x9C5xuOs20 #JoshSabarra #Saturday #weekend #PornAgain #books #reading #readinâ€¦,140
"RT @fargosi: Nuestros defensores (20-4 al 24-6-18): - Mauro Maldonado, Abigail Alvarez, Jorge Cusi, Daniel Rios y Diego Oviedo, muertos. -â€¦",139
I will be relaxing in my good bed watching the BET awards tonightâ¤ï¸,67
"RT @BTSPublicity: Teen Choice Awards 2018 MetricğŸ“Š@BTS_twt's  â€” \"ChoiceInternationalArtist\"  (per hour)  1. #TeenChoice #ChoiceInternationalâ€¦",140
Are the Wakanda boys going to the BET Awards tonight? Letâ€™s see what tragic fashions theyâ€™ll be sporting if so.,111
RT @LiamMcEwan: @BTS_twt CONGRATULATIONS on winning big at the Radio Disney Music Awards! So glad I was there to celebrate! ğŸ’– #RDMA https:/â€¦,140
